id,first_name,last_name,email
1,Riordan,Bruff,rbruff0@delicious.com
2,Laurena,Tonry,ltonry1@gov.uk
3,Kariotta,Jeratt,kjeratt2@typepad.com
4,Brooke,Sanz,bsanz3@shop-pro.jp
5,Hortense,Burchett,hburchett4@devhub.com
